literature_novelty_threshold,novel_count_continuous_only,novel_rate_continuous_only,novel_count_with_derivative_gate,novel_rate_with_derivative_gate
0.2,108,0.6428571428571429,0,0.0
0.25,90,0.5357142857142857,0,0.0
0.3,78,0.4642857142857143,0,0.0
0.35,72,0.42857142857142855,0,0.0
0.4,67,0.39880952380952384,0,0.0
0.45,58,0.34523809523809523,0,0.0
0.5,46,0.27380952380952384,0,0.0
