model,n,frontier_distance_mean,frontier_distance_median,continuous_novelty_score_mean,continuous_novelty_score_median,gap_q05_median,blocked_traceability_pct,blocked_hull_pct,blocked_hybrid_pct,blocked_extension_pct
deepseek-v3.2,24,0.3341269841269841,0.3005952380952381,0.06333616179105278,0.08526657852020636,0.15674525499343872,,,,
mistral-large,24,0.5589285714285714,0.5577380952380953,0.07211142734969095,0.08963526787401135,0.2246476113796234,,,,
llama-3.3-70b-instruct,24,0.31746031746031744,0.28630952380952385,0.08154122761316572,0.0872857254854418,0.15239030122756958,,,,
gemini-3.1-pro-preview,24,0.6601190476190476,0.6791666666666667,0.07764151045194684,0.08938522270938565,0.25062447786331177,,,,
claude-3.7-sonnet,24,0.6075396825396825,0.6244047619047619,0.07043452341575983,0.0929665962828292,0.23829790949821472,,,,
perplexity-sonar-pro,24,0.685515873015873,0.7267857142857143,0.03471904077885437,0.0316060575957996,0.2616189122200012,,,,
gpt-5.2,24,0.35714285714285715,0.3767857142857143,0.013506951349621404,0.010544329727640401,0.175917848944664,,,,
