,max_similarity,avg_similarity,lit_matches,lit_best_score,is_traceable_num,inside_hull_num
max_similarity,1.0,0.858212450406113,0.47653333873552933,0.1868982060448526,0.11350288429962092,0.0
avg_similarity,0.858212450406113,1.0,0.5094127348158488,0.20302058613673066,0.17265771857606163,0.0
lit_matches,0.47653333873552933,0.5094127348158488,1.0,0.5598532432805527,0.25741569256038144,0.0
lit_best_score,0.1868982060448526,0.20302058613673066,0.5598532432805527,1.0,0.0,0.0
is_traceable_num,0.11350288429962092,0.17265771857606163,0.25741569256038144,0.0,1.0,0.0
inside_hull_num,0.0,0.0,0.0,0.0,0.0,0.0
