model,abs_traceability,abs_hull,abs_hybrid,abs_extension,abs_similarity_shortfall,pct_traceability,pct_hull,pct_hybrid,pct_extension,pct_similarity_shortfall
gpt-5.2,1.0,1.0,0.8333333333333334,0.5416666666666666,0.0,29.629629629629626,29.629629629629626,24.69135802469136,16.049382716049383,0.0
perplexity-sonar-pro,1.0,1.0,0.7916666666666666,0.5,0.0,30.37974683544304,30.37974683544304,24.050632911392405,15.18987341772152,0.0
gemini-3.1-pro-preview,0.875,1.0,0.5,0.08333333333333333,0.0,35.59322033898305,40.67796610169491,20.338983050847457,3.3898305084745757,0.0
claude-3.7-sonnet,1.0,1.0,0.4166666666666667,0.041666666666666664,0.0,40.67796610169492,40.67796610169492,16.949152542372882,1.694915254237288,0.0
mistral-large,1.0,1.0,0.2916666666666667,0.125,0.0,41.379310344827594,41.379310344827594,12.06896551724138,5.172413793103449,0.0
deepseek-v3.2,1.0,1.0,0.20833333333333334,0.125,0.0,42.857142857142854,42.857142857142854,8.928571428571429,5.357142857142857,0.0
llama-3.3-70b-instruct,1.0,1.0,0.08333333333333333,0.0,0.0,48.0,48.0,3.9999999999999996,0.0,0.0
