{
  "visual": {
    "mean": 0.23460985599418352,
    "std": 0.23678503388349065,
    "min": 0.0,
    "max": 0.9365156232248735,
    "median": 0.1396093487888641
  },
  "auditory": {
    "mean": 0.04208218694490909,
    "std": 0.1008753091598689,
    "min": 0.0,
    "max": 1.0,
    "median": 0.00117565328068128
  },
  "tactile": {
    "mean": 0.026437387384324582,
    "std": 0.062114729661408186,
    "min": 0.0,
    "max": 0.7508438981373823,
    "median": 0.0017429052589489902
  },
  "olfactory": {
    "mean": 0.011970643438864286,
    "std": 0.03742613789671295,
    "min": 0.0,
    "max": 0.5174678026649954,
    "median": 0.0
  },
  "gustatory": {
    "mean": 0.012762383085542778,
    "std": 0.03516132449405632,
    "min": 0.0,
    "max": 0.6717189110996354,
    "median": 0.0
  },
  "proprioceptive": {
    "mean": 0.517723720721872,
    "std": 0.1739276717482335,
    "min": 0.0,
    "max": 1.0,
    "median": 0.5179397206980065
  },
  "vestibular": {
    "mean": 0.16653662622339946,
    "std": 0.35707785460769303,
    "min": -1.6812745411365282,
    "max": 2.3653550671176684,
    "median": 0.04196520160888016
  },
  "interoceptive": {
    "mean": 0.15669535775142857,
    "std": 0.15745389871954915,
    "min": 0.0,
    "max": 0.7176027648918839,
    "median": 0.12746457594797603
  }
}