method,clusters,noise_rate,silhouette_cosine,davies_bouldin
HDBSCAN,4,0.2222222222222222,0.4189312756061554,1.4348928374513588
Agglomerative (reference),29,0.0,0.2620161771774292,0.6472901730977383
KMeans,29,0.0,0.24925126135349274,0.7208684982756103
Neural latent + KMeans,29,0.0,-0.00842966791242361,1.2034175476519722
