metric,value
known_known_q05,0.32679909467697144
known_known_q50,0.4781044125556946
known_known_q95,0.6296669244766235
manifold_knn_q95,0.4530883640050889
